executionStartTime,executionEndTime,containerId,sendTime,returnTime
1513779318147,1513779318147,1750545,1513779317996,1513779318235
1513779318152,1513779318152,1750545,1513779318003,1513779318250
1513779318327,1513779318327,1750545,1513779318004,1513779318383
1513779318537,1513779318537,9928512,1513779318003,1513779318608
1513779318558,1513779318558,9428906,1513779318001,1513779318629
1513779318573,1513779318573,9039741,1513779318002,1513779318644
1513779318747,1513779318747,9428906,1513779318646,1513779318818
1513779318747,1513779318747,9039741,1513779318645,1513779318820
1513779318767,1513779318767,1750545,1513779318647,1513779318823
1513779318750,1513779318750,9928512,1513779318646,1513779318829
1513779318752,1513779318752,9039741,1513779318647,1513779318840
1513779318954,1513779318954,9039741,1513779318841,1513779319025
1513779318959,1513779318959,9039741,1513779318846,1513779319031
1513779318962,1513779318962,9928512,1513779318857,1513779319036
1513779318979,1513779318979,1750545,1513779318858,1513779319043
1513779319150,1513779319150,9039741,1513779318845,1513779319224
1513779319327,1513779319327,9039741,1513779319225,1513779319397
1513779319329,1513779319329,9928512,1513779319226,1513779319401
1513779319328,1513779319328,9428906,1513779319226,1513779319404
1513779319358,1513779319358,1750545,1513779319224,1513779319413
1513779319589,1513779319589,6575799,1513779319225,1513779319643
1513779319774,1513779319774,6575799,1513779319644,1513779319829
1513779319775,1513779319775,1750545,1513779319646,1513779319833
1513779319760,1513779319760,9928512,1513779319645,1513779319834
1513779319763,1513779319763,9428906,1513779319644,1513779319838
1513779319958,1513779319958,9428906,1513779319645,1513779320029
1513779320124,1513779320124,9428906,1513779320034,1513779320197
1513779320128,1513779320128,9428906,1513779320035,1513779320208
1513779320131,1513779320131,9928512,1513779320035,1513779320209
1513779320149,1513779320149,1750545,1513779320034,1513779320220
1513779320175,1513779320175,1750545,1513779320032,1513779320249
1513779320367,1513779320367,1750545,1513779320251,1513779320423
1513779320373,1513779320373,1750545,1513779320251,1513779320432
1513779320359,1513779320359,9928512,1513779320252,1513779320441
1513779320362,1513779320362,9428906,1513779320251,1513779320442
1513779320513,1513779320513,1750545,1513779320250,1513779320569
1513779320691,1513779320691,1750545,1513779320572,1513779320745
1513779320679,1513779320679,9428906,1513779320573,1513779320751
1513779320680,1513779320680,9928512,1513779320573,1513779320755
1513779320686,1513779320686,9928512,1513779320572,1513779320759
1513779320698,1513779320698,1750545,1513779320571,1513779320762
1513779320861,1513779320861,9928512,1513779320763,1513779320933
1513779320878,1513779320878,1750545,1513779320764,1513779320937
1513779320884,1513779320884,1750545,1513779320764,1513779320945
1513779320869,1513779320869,9928512,1513779320766,1513779320947
1513779321057,1513779321057,9928512,1513779320765,1513779321154
1513779321251,1513779321251,9928512,1513779321160,1513779321320
1513779321269,1513779321269,1750545,1513779321158,1513779321324
1513779321254,1513779321254,9428906,1513779321160,1513779321328
1513779321271,1513779321271,6575799,1513779321161,1513779321330
1513779321262,1513779321262,9039741,1513779321155,1513779321334